Workbook

Sheet data
A1: Area code | B1: Area name | C1: average_time_to_employment_centre_in_minutes | D1: average_waiting_time_in_minutes | E1: percent_coverage_broadband | F1: percent_green_plus_blue_area | G1: Greenhouse_gas_emissions_per_capita | H1: density_per_kilometer | I1: gross_disposable_household_income | J1: gross_median_weekly_pay | K1: happiness_index | L1: supermarket_per_1000 | M1: percent_school_outstanding | N1: number_of_restaurant_cafe,pub
A2: E09000001 | B2: City of London | C2: 7.851831 | D2: 6.3 | E2: 80.8 | F2: 13.311089 | G2: 52.16 | H2: 5229 | I2: 129429 | J2: 762.4 | K2: 7.3240625 | L2: 37.28 | M2: 100 | N2: 800
A3: E09000002 | B3: Barking and Dagenham | C3: 8.3810603 | D3: 6.4 | E3: 95.4 | F3: 45.299271 | G3: 2.98 | H3: 6447 | I3: 21179 | J3: 612.9 | K3: 7.48 | L3: 1.6 | M3: 12.921348 | N3: 255
A4: E09000003 | B4: Barnet | C4: 7.521575 | D4: 6.6 | E4: 71.8 | F4: 58.686071 | G4: 2.85 | H4: 4668 | I4: 36880 | J4: 714.6 | K4: 6.95 | L4: 1.9 | M4: 29.434954 | N4: 745
A5: E09000004 | B5: Bexley | C5: 10.313561 | D5: 6.9 | E5: 92.7 | F5: 49.72412 | G5: 2.87 | H5: 4234 | I5: 25722 | J5: 694.4 | K5: 7.39 | L5: 1.95 | M5: 14.73029 | N5: 415
A6: E09000005 | B6: Brent | C6: 7.5244879 | D6: 6.6 | E6: 85 | F6: 40.96772 | G6: 2.78 | H6: 8164 | I6: 29569 | J6: 646.2 | K6: 7.27 | L6: 1.65 | M6: 24.031008 | N6: 585
A7: E09000006 | B7: Bromley | C7: 9.7814381 | D7: 7.3 | E7: 91.7 | F7: 68.735537 | G7: 2.72 | H7: 2234 | I7: 34399 | J7: 818.9 | K7: 7.35 | L7: 2.45 | M7: 29.313233 | N7: 620
A8: E09000007 | B8: Camden | C8: 5.7300534 | D8: 6 | E8: 95.9 | F8: 44.188262 | G8: 4.38 | H8: 9961 | I8: 61657 | J8: 766.6 | K8: 7.28 | L8: 3.81 | M8: 32.86119 | N8: 1430
A9: E09000008 | B9: Croydon | C9: 9.9242407 | D9: 7 | E9: 87.5 | F9: 55.661463 | G9: 2.54 | H9: 4734 | I9: 27096 | J9: 721.3 | K9: 7.11 | L9: 2.18 | M9: 22.146739 | N9: 715
A10: E09000009 | B10: Ealing | C10: 8.3074456 | D10: 6.8 | E10: 90 | F10: 44.898702 | G10: 3 | H10: 6949 | I10: 30437 | J10: 684.8 | K10: 7.25 | L10: 1.77 | M10: 28.621908 | N10: 640
A11: E09000010 | B11: Enfield | C11: 8.2871576 | D11: 6.8 | E11: 89.9 | F11: 58.111054 | G11: 3.54 | H11: 4052 | I11: 27981 | J11: 646.2 | K11: 7.41 | L11: 1.52 | M11: 15.909091 | N11: 530
A12: E09000011 | B12: Greenwich | C12: 8.3523918 | D12: 6.8 | E12: 88.8 | F12: 49.998692 | G12: 2.85 | H12: 6331 | I12: 28453 | J12: 749.6 | K12: 7.42 | L12: 2.28 | M12: 23.32696 | N12: 475
A13: E09000012 | B13: Hackney | C13: 4.8018462 | D13: 6.8 | E13: 91.3 | F13: 41.027303 | G13: 2.12 | H13: 14007 | I13: 34013 | J13: 762.5 | K13: 7.05 | L13: 1.81 | M13: 36.25 | N13: 850
... A34: E09000033 | B34: Westminster | C34: 5.0826671 | D34: 6.8 | E34: 86.5 | F34: 35.608712 | G34: 7.46 | H34: 9775 | I34: 76381 | J34: 843.3 | K34: 7.01 | L34: 4.01 | M34: 31.085044 | N34: 2545

Sheet scale slider
C1: average_time_to_employment_centre_in_minutes | D1: average_waiting_time_in_minutes | E1: percent_coverage_broadband | F1: percent_green_plus_blue_area | G1: Greenhouse_gas_emissions_per_capita | H1: density_per_kilometer | I1: gross_disposable_household_income | J1: gross_median_weekly_pay | K1: happiness_index | L1: supermarket_per_1000 | M1: percent_school_outstanding | N1: number_of_restaurant_cafe,pub
B2: 1st Quartile | C2: =_xlfn.QUARTILE.INC(data!C$2:C$34,1) -> 6.1220635 | D2: =_xlfn.QUARTILE.INC(data!D$2:D$34,1) -> 6.8 | E2: =_xlfn.QUARTILE.INC(data!E$2:E$34,1) -> 88.8 | F2: =_xlfn.QUARTILE.INC(data!F$2:F$34,1) -> 40.96772 | G2: =_xlfn.QUARTILE.INC(data!G$2:G$34,1) -> 2.57 | H2: =_xlfn.QUARTILE.INC(data!H$2:H$34,1) -> 4734 | I2: =_xlfn.QUARTILE.INC(data!I$2:I$34,1) -> 27981 | J2: =_xlfn.QUARTILE.INC(data!J$2:J$34,1) -> 689.9 | ... N2: =_xlfn.QUARTILE.INC(data!N$2:N$34,1) -> 485
B3: 2nd Quartile | C3: =_xlfn.QUARTILE.INC(data!C$2:C$34,2) -> 7.5244879 | D3: =_xlfn.QUARTILE.INC(data!D$2:D$34,2) -> 6.8 | E3: =_xlfn.QUARTILE.INC(data!E$2:E$34,2) -> 90.2 | F3: =_xlfn.QUARTILE.INC(data!F$2:F$34,2) -> 45.299271 | G3: =_xlfn.QUARTILE.INC(data!G$2:G$34,2) -> 2.85 | H3: =_xlfn.QUARTILE.INC(data!H$2:H$34,2) -> 6447 | I3: =_xlfn.QUARTILE.INC(data!I$2:I$34,2) -> 31249 | J3: =_xlfn.QUARTILE.INC(data!J$2:J$34,2) -> 727.4 | ... N3: =_xlfn.QUARTILE.INC(data!N$2:N$34,2) -> 575
B4: 3rd Quartile | C4: =_xlfn.QUARTILE.INC(data!C$2:C$34,3) -> 8.5091017 | D4: =_xlfn.QUARTILE.INC(data!D$2:D$34,3) -> 6.8 | E4: =_xlfn.QUARTILE.INC(data!E$2:E$34,3) -> 92.2 | F4: =_xlfn.QUARTILE.INC(data!F$2:F$34,3) -> 54.97666 | G4: =_xlfn.QUARTILE.INC(data!G$2:G$34,3) -> 3.17 | H4: =_xlfn.QUARTILE.INC(data!H$2:H$34,3) -> 9961 | I4: =_xlfn.QUARTILE.INC(data!I$2:I$34,3) -> 37746 | J4: =_xlfn.QUARTILE.INC(data!J$2:J$34,3) -> 788.6 | ... N4: =_xlfn.QUARTILE.INC(data!N$2:N$34,3) -> 760

Sheet notes
A1: Travel time to employment centre by public transport and walking
A2: Average travel time in minutes to nearest employment centre with 500+ jobs available
A3: Source: Department for Transport
A5: Data download generated by ONS Explore Local Statistics on 30 Oct 2025
A6: https://ons.gov.uk/explore-local-statistics/indicators/average-travel-time-public-transport-or-walking
A12: QSI Performance Route Performance Results for London Borough Q1 2025 - tfl
A13: 2018 london borough green and blue cover summary data - GLA
A16: Greenhouse gas emissions
A17: Greenhouse gas emissions (tCO2e) per capita
A18: Source: Department for Energy Security and Net Zero
A22: Data download generated by ONS Explore Local Statistics on 6 Nov 2025
A23: https://ons.gov.uk/explore-local-statistics/indicators/gross-disposable-household-income-per-head
... A62: Five-Year Ofsted Inspection Data (State-funded schools)
A68: Category | B68: Attributes
A69: Accessibility & Services | B69: avg_time_to_employment_centre, avg_waiting_time, broadband coverage
A70: Environment & Sustainability | B70: green+blue area %, GHG emissions per capita, density per km²
A71: Economic & Wellbeing | B71: disposable household income, median weekly pay, happiness index
A72: Lifestyle & Amenities | B72: supermarket per 1000, % schools outstanding, number of restaurants/cafes/pubs
